{
  "phase": "baseline",
  "epochs": 3,
  "dataset": "synthetic (30 train, 10 val, 5 test)",
  "golden_mAP50": 0.5858769996915805,
  "golden_mAP75": 0.10598418364467521,
  "p50_latency_ms": 92.04443750058999,
  "p95_latency_ms": 231.44971905312556,
  "p99_latency_ms": 272.3494026668049,
  "passed_mAP_gate": false,
  "passed_latency_gate": 